时间,维度,来源,X,Y,Z,事件,目标,x,y,z,附加信息
2023-05-21 00:10:04,,xiaofen6666435,,,,开始进服,,,,,xuid=2535425847467085
2023-05-21 00:10:24,主世界,xiaofen6666435,-63,66,32,进入服务器,,,,,xuid=2535425847467085
2023-05-21 00:11:23,主世界,xiaofen6666435,-91,65,88,使用物品点击方块,minecraft:reeds,-93,64,92,使用物品：菜单 类型：pa:menu
2023-05-21 00:11:23,主世界,xiaofen6666435,-91,65,88,放置方块,minecraft:reeds,-93,64,92,
2023-05-21 00:11:23,主世界,xiaofen6666435,-91,65,89,使用物品,菜单,,,,类型：pa:menu
2023-05-21 00:11:27,主世界,xiaofen6666435,0,303,0,使用物品点击方块,minecraft:barrier,2,301,5,使用物品：菜单 类型：pa:menu
2023-05-21 00:11:27,主世界,xiaofen6666435,0,303,0,放置方块,minecraft:barrier,2,301,5,
2023-05-21 00:11:27,主世界,xiaofen6666435,0,303,0,使用物品,菜单,,,,类型：pa:menu
2023-05-21 00:11:27,主世界,xiaofen6666435,0,303,0,使用物品点击方块,minecraft:barrier,2,301,5,使用物品：菜单 类型：pa:menu
2023-05-21 00:11:27,主世界,xiaofen6666435,0,303,0,放置方块,minecraft:barrier,2,301,5,
2023-05-21 00:11:27,主世界,xiaofen6666435,0,303,0,使用物品,菜单,,,,类型：pa:menu
2023-05-21 00:11:28,主世界,xiaofen6666435,0,303,0,使用物品点击方块,minecraft:wood,3,300,4,使用物品：菜单 类型：pa:menu
2023-05-21 00:11:28,主世界,xiaofen6666435,0,303,0,放置方块,minecraft:wood,3,300,4,
2023-05-21 00:11:28,主世界,xiaofen6666435,0,303,0,使用物品,菜单,,,,类型：pa:menu
2023-05-21 00:11:29,主世界,xiaofen6666435,0,303,0,使用物品点击方块,minecraft:barrier,5,301,3,使用物品：菜单 类型：pa:menu
2023-05-21 00:11:29,主世界,xiaofen6666435,0,303,0,放置方块,minecraft:barrier,5,301,3,
2023-05-21 00:11:29,主世界,xiaofen6666435,0,303,0,使用物品,菜单,,,,类型：pa:menu
2023-05-21 00:11:29,主世界,xiaofen6666435,0,303,0,使用物品,菜单,,,,类型：pa:menu
2023-05-21 00:11:29,主世界,xiaofen6666435,0,303,0,使用物品,菜单,,,,类型：pa:menu
2023-05-21 00:11:30,主世界,xiaofen6666435,0,303,0,使用物品点击方块,minecraft:cobbled_deepslate,3,300,-1,使用物品：菜单 类型：pa:menu
2023-05-21 00:11:30,主世界,xiaofen6666435,0,303,0,放置方块,minecraft:cobbled_deepslate,3,300,-1,
2023-05-21 00:11:30,主世界,xiaofen6666435,0,303,0,使用物品,菜单,,,,类型：pa:menu
2023-05-21 00:11:31,主世界,xiaofen6666435,0,303,0,使用物品点击方块,minecraft:cobbled_deepslate,2,300,-3,使用物品：菜单 类型：pa:menu
2023-05-21 00:11:31,主世界,xiaofen6666435,0,303,0,放置方块,minecraft:cobbled_deepslate,2,300,-3,
2023-05-21 00:11:31,主世界,xiaofen6666435,0,303,0,使用物品,菜单,,,,类型：pa:menu
2023-05-21 00:11:35,主世界,xiaofen6666435,0,303,0,使用物品点击方块,minecraft:barrier,3,303,-5,使用物品：菜单 类型：pa:menu
2023-05-21 00:11:35,主世界,xiaofen6666435,0,303,0,放置方块,minecraft:barrier,3,303,-5,
2023-05-21 00:11:35,主世界,xiaofen6666435,0,303,0,使用物品,菜单,,,,类型：pa:menu
2023-05-21 00:11:36,主世界,xiaofen6666435,0,303,0,使用物品点击方块,minecraft:barrier,3,303,-5,使用物品：菜单 类型：pa:menu
2023-05-21 00:11:36,主世界,xiaofen6666435,0,303,0,放置方块,minecraft:barrier,3,303,-5,
2023-05-21 00:11:36,主世界,xiaofen6666435,0,303,0,使用物品,菜单,,,,类型：pa:menu
2023-05-21 00:11:38,主世界,xiaofen6666435,0,303,0,使用物品点击方块,minecraft:barrier,3,303,-5,使用物品：菜单 类型：pa:menu
2023-05-21 00:11:38,主世界,xiaofen6666435,0,303,0,放置方块,minecraft:barrier,3,303,-5,
2023-05-21 00:11:38,主世界,xiaofen6666435,0,303,0,使用物品,菜单,,,,类型：pa:menu
2023-05-21 00:11:38,主世界,xiaofen6666435,0,303,0,使用物品点击方块,minecraft:barrier,3,303,-5,使用物品：菜单 类型：pa:menu
2023-05-21 00:11:38,主世界,xiaofen6666435,0,303,0,放置方块,minecraft:barrier,3,303,-5,
2023-05-21 00:11:38,主世界,xiaofen6666435,0,303,0,使用物品,菜单,,,,类型：pa:menu
2023-05-21 00:12:38,主世界,xiaofen6666435,2,303,13,使用物品点击方块,minecraft:ochre_froglight,4,302,12,使用物品：钻石剑 +7 1561 类型：minecraft:diamond_sword
2023-05-21 00:12:38,主世界,xiaofen6666435,2,303,13,放置方块,minecraft:ochre_froglight,4,302,12,
2023-05-21 00:12:38,主世界,xiaofen6666435,2,303,13,使用物品,钻石剑 +7 1561,,,,类型：minecraft:diamond_sword
2023-05-21 00:12:38,主世界,xiaofen6666435,2,303,13,使用物品点击方块,minecraft:ochre_froglight,4,302,12,使用物品：钻石剑 +7 1561 类型：minecraft:diamond_sword
2023-05-21 00:12:38,主世界,xiaofen6666435,2,303,13,放置方块,minecraft:ochre_froglight,4,302,12,
2023-05-21 00:12:38,主世界,xiaofen6666435,2,303,13,使用物品点击方块,minecraft:ochre_froglight,4,302,12,使用物品：钻石剑 +7 1561 类型：minecraft:diamond_sword
2023-05-21 00:12:38,主世界,xiaofen6666435,2,303,13,放置方块,minecraft:ochre_froglight,4,302,12,
2023-05-21 00:12:38,主世界,xiaofen6666435,2,303,13,使用物品,钻石剑 +7 1561,,,,类型：minecraft:diamond_sword
2023-05-21 00:12:38,主世界,xiaofen6666435,2,303,13,使用物品点击方块,minecraft:ochre_froglight,4,302,12,使用物品：钻石剑 +7 1561 类型：minecraft:diamond_sword
2023-05-21 00:12:38,主世界,xiaofen6666435,2,303,13,放置方块,minecraft:ochre_froglight,4,302,12,
2023-05-21 00:12:41,主世界,xiaofen6666435,2,303,13,使用物品点击方块,minecraft:polished_blackstone_button,3,302,12,使用物品：钻石剑 +7 1561 类型：minecraft:diamond_sword
2023-05-21 00:12:41,主世界,xiaofen6666435,2,303,13,方块接受玩家互动,minecraft:polished_blackstone_button,3,302,12,
2023-05-21 00:12:48,主世界,entity.pa:ln.name,,,,弹射物击中,xiaofen6666435,-50269,66,82,
2023-05-21 00:12:48,主世界,entity.pa:ln.name,,,,弹射物击中,xiaofen6666435,-50269,66,83,
2023-05-21 00:12:48,主世界,entity.pa:ln.name,-50268,64,113,爆炸,,,,,
2023-05-21 00:12:50,主世界,entity.pa:ln.name,-50268,64,112,爆炸,,,,,
2023-05-21 00:12:51,主世界,entity.pa:ln.name,-50268,64,114,爆炸,,,,,
2023-05-21 00:12:52,主世界,entity.pa:ln.name,-50268,64,116,爆炸,,,,,
2023-05-21 00:12:53,主世界,entity.pa:ln.name,-50268,64,118,爆炸,,,,,
2023-05-21 00:12:54,主世界,entity.pa:ln.name,-50268,64,120,爆炸,,,,,
2023-05-21 00:12:54,主世界,entity.pa:ln.name,,,,弹射物击中,xiaofen6666435,-50272,66,90,
2023-05-21 00:12:54,主世界,entity.pa:ln.name,-50268,64,123,爆炸,,,,,
2023-05-21 00:12:55,主世界,entity.pa:ln.name,-50274,65,97,爆炸,,,,,
2023-05-21 00:12:55,主世界,entity.pa:ln.name,-50280,64,125,爆炸,,,,,
2023-05-21 00:12:56,主世界,entity.pa:ln.name,-50291,64,123,爆炸,,,,,
2023-05-21 00:12:56,主世界,entity.pa:ln.name,-50304,64,115,爆炸,,,,,
2023-05-21 00:12:57,主世界,entity.pa:ln.name,-50290,64,128,爆炸,,,,,
2023-05-21 00:12:57,主世界,entity.pa:ln.name,-50276,65,94,爆炸,,,,,
2023-05-21 00:12:58,主世界,entity.pa:ln.name,-50307,64,121,爆炸,,,,,
2023-05-21 00:12:58,主世界,entity.pa:ln.name,,,,弹射物击中,xiaofen6666435,-50292,66,93,
2023-05-21 00:12:58,主世界,entity.pa:ln.name,,,,弹射物击中,xiaofen6666435,-50293,67,93,
2023-05-21 00:12:58,主世界,entity.pa:ln.name,-50320,64,92,爆炸,,,,,
2023-05-21 00:12:59,主世界,entity.pa:ln.name,,,,弹射物击中,xiaofen6666435,-50297,66,93,
2023-05-21 00:12:59,主世界,xiaofen6666435,-50297,66,93,玩家死亡,,,,,
2023-05-21 00:12:59,主世界,entity.pa:ln.name,-50322,64,92,爆炸,,,,,
2023-05-21 00:12:59,主世界,xiaofen6666435,-50297,66,93,重生,,,,,
2023-05-21 00:12:59,主世界,entity.pa:ln.name,-50324,64,92,爆炸,,,,,
2023-05-21 00:13:05,主世界,xiaofen6666435,-94,65,53,使用物品点击方块,minecraft:polished_deepslate_stairs,-95,63,50,使用物品：钻石剑 +7 1561 类型：minecraft:diamond_sword
2023-05-21 00:13:05,主世界,xiaofen6666435,-94,65,53,放置方块,minecraft:polished_deepslate_stairs,-95,63,50,
2023-05-21 00:13:05,主世界,xiaofen6666435,-94,65,53,使用物品,钻石剑 +7 1561,,,,类型：minecraft:diamond_sword
2023-05-21 00:13:05,主世界,xiaofen6666435,-94,65,53,使用物品点击方块,minecraft:polished_deepslate_stairs,-95,63,50,使用物品：钻石剑 +7 1561 类型：minecraft:diamond_sword
2023-05-21 00:13:05,主世界,xiaofen6666435,-94,65,53,放置方块,minecraft:polished_deepslate_stairs,-95,63,50,
2023-05-21 00:13:05,主世界,xiaofen6666435,-94,65,53,使用物品点击方块,minecraft:polished_deepslate_stairs,-95,63,50,使用物品：钻石剑 +7 1561 类型：minecraft:diamond_sword
2023-05-21 00:13:05,主世界,xiaofen6666435,-94,65,53,放置方块,minecraft:polished_deepslate_stairs,-95,63,50,
2023-05-21 00:13:05,主世界,xiaofen6666435,-94,65,53,使用物品点击方块,minecraft:polished_deepslate_stairs,-95,63,50,使用物品：钻石剑 +7 1561 类型：minecraft:diamond_sword
2023-05-21 00:13:05,主世界,xiaofen6666435,-94,65,53,放置方块,minecraft:polished_deepslate_stairs,-95,63,50,
2023-05-21 00:13:05,主世界,xiaofen6666435,-94,65,53,使用物品点击方块,minecraft:polished_deepslate_stairs,-95,63,50,使用物品：钻石剑 +7 1561 类型：minecraft:diamond_sword
2023-05-21 00:13:05,主世界,xiaofen6666435,-94,65,53,放置方块,minecraft:polished_deepslate_stairs,-95,63,50,
2023-05-21 00:13:06,主世界,xiaofen6666435,-94,65,53,使用物品,菜单,,,,类型：pa:menu
2023-05-21 00:13:10,主世界,xiaofen6666435,2,303,-2,使用物品点击方块,minecraft:standing_sign,0,301,-3,使用物品：菜单 类型：pa:menu
2023-05-21 00:13:10,主世界,xiaofen6666435,2,303,-2,放置方块,minecraft:standing_sign,0,301,-3,
2023-05-21 00:13:10,主世界,xiaofen6666435,2,303,-2,使用物品,菜单,,,,类型：pa:menu
2023-05-21 00:13:11,主世界,xiaofen6666435,2,303,-2,使用物品点击方块,minecraft:trapped_chest,0,301,-4,使用物品：菜单 类型：pa:menu
2023-05-21 00:13:11,主世界,xiaofen6666435,2,303,-2,打开容器,minecraft:trapped_chest,0,301,-4,
2023-05-21 00:13:11,主世界,xiaofen6666435,2,303,-2,方块接受玩家互动,minecraft:trapped_chest,0,301,-4,
2023-05-21 00:13:12,主世界,xiaofen6666435,0,199,-4,关闭容器,minecraft:trapped_chest,0,301,-4,
2023-05-21 00:13:14,主世界,xiaofen6666435,1,130,-0,使用物品,菜单,,,,类型：pa:menu
2023-05-21 00:13:19,主世界,xiaofen6666435,1,303,-1,使用物品点击方块,minecraft:standing_sign,0,301,-3,使用物品：菜单 类型：pa:menu
2023-05-21 00:13:19,主世界,xiaofen6666435,1,303,-1,放置方块,minecraft:standing_sign,0,301,-3,
2023-05-21 00:13:19,主世界,xiaofen6666435,1,303,-1,使用物品,菜单,,,,类型：pa:menu
2023-05-21 00:13:21,主世界,xiaofen6666435,1,303,-1,使用物品点击方块,minecraft:standing_sign,0,301,-3,使用物品：钻石镐 +5 1561  类型：minecraft:diamond_pickaxe
2023-05-21 00:13:21,主世界,xiaofen6666435,1,303,-1,放置方块,minecraft:standing_sign,0,301,-3,
2023-05-21 00:13:21,主世界,xiaofen6666435,1,303,-1,使用物品,钻石镐 +5 1561 ,,,,类型：minecraft:diamond_pickaxe
2023-05-21 00:13:23,主世界,xiaofen6666435,1,303,-1,使用物品点击方块,minecraft:standing_sign,0,301,-3,使用物品：钻石镐 +5 1561  类型：minecraft:diamond_pickaxe
2023-05-21 00:13:23,主世界,xiaofen6666435,1,303,-1,放置方块,minecraft:standing_sign,0,301,-3,
2023-05-21 00:13:23,主世界,xiaofen6666435,1,303,-1,使用物品,钻石镐 +5 1561 ,,,,类型：minecraft:diamond_pickaxe
2023-05-21 00:13:29,主世界,xiaofen6666435,1,303,-2,使用物品点击方块,minecraft:trapped_chest,0,301,-4,使用物品：钻石镐 +5 1561  类型：minecraft:diamond_pickaxe
2023-05-21 00:13:29,主世界,xiaofen6666435,1,303,-2,打开容器,minecraft:trapped_chest,0,301,-4,
2023-05-21 00:13:29,主世界,xiaofen6666435,1,303,-2,方块接受玩家互动,minecraft:trapped_chest,0,301,-4,
2023-05-21 00:13:30,主世界,xiaofen6666435,0,199,-4,关闭容器,minecraft:trapped_chest,0,301,-4,
2023-05-21 00:13:33,主世界,xiaofen6666435,0,73,-4,玩家死亡,,,,,
2023-05-21 00:13:33,主世界,xiaofen6666435,0,73,-4,重生,,,,,
2023-05-21 00:13:34,主世界,xiaofen6666435,-94,65,62,使用物品,菜单,,,,类型：pa:menu
2023-05-21 00:13:35,主世界,xiaofen6666435,-94,65,62,使用物品,菜单,,,,类型：pa:menu
2023-05-21 00:13:47,主世界,xiaofen6666435,1,304,-3,使用物品点击方块,minecraft:trapped_chest,0,301,-4,使用物品：菜单 类型：pa:menu
2023-05-21 00:13:47,主世界,xiaofen6666435,1,304,-3,打开容器,minecraft:trapped_chest,0,301,-4,
2023-05-21 00:13:47,主世界,xiaofen6666435,1,304,-3,方块接受玩家互动,minecraft:trapped_chest,0,301,-4,
2023-05-21 00:13:48,主世界,xiaofen6666435,0,202,-4,关闭容器,minecraft:trapped_chest,0,301,-4,
2023-05-21 00:13:51,主世界,xiaofen6666435,0,87,-4,使用物品,菜单,,,,类型：pa:menu
2023-05-21 00:13:51,主世界,xiaofen6666435,0,73,-4,玩家死亡,,,,,
2023-05-21 00:13:51,主世界,xiaofen6666435,0,73,-4,重生,,,,,
2023-05-21 00:13:53,主世界,xiaofen6666435,-94,65,62,使用物品,菜单,,,,类型：pa:menu
2023-05-21 00:13:59,主世界,xiaofen6666435,2,303,-2,使用物品点击方块,minecraft:trapped_chest,0,301,-4,使用物品：菜单 类型：pa:menu
2023-05-21 00:13:59,主世界,xiaofen6666435,2,303,-2,打开容器,minecraft:trapped_chest,0,301,-4,
2023-05-21 00:13:59,主世界,xiaofen6666435,2,303,-2,方块接受玩家互动,minecraft:trapped_chest,0,301,-4,
2023-05-21 00:14:01,主世界,xiaofen6666435,0,200,-4,关闭容器,minecraft:trapped_chest,0,301,-4,
2023-05-21 00:14:04,主世界,xiaofen6666435,0,73,-4,玩家死亡,,,,,
2023-05-21 00:14:05,主世界,xiaofen6666435,0,73,-4,重生,,,,,
2023-05-21 00:14:10,主世界,xiaofen6666435,-93,65,67,使用物品,菜单,,,,类型：pa:menu
2023-05-21 00:14:21,主世界,xiaofen6666435,2,303,12,使用物品点击方块,minecraft:ochre_froglight,4,302,12,使用物品：菜单 类型：pa:menu
2023-05-21 00:14:21,主世界,xiaofen6666435,2,303,12,放置方块,minecraft:ochre_froglight,4,302,12,
2023-05-21 00:14:21,主世界,xiaofen6666435,2,303,12,使用物品,菜单,,,,类型：pa:menu
2023-05-21 00:14:22,主世界,xiaofen6666435,2,303,12,使用物品点击方块,minecraft:gold_block,4,302,13,使用物品：菜单 类型：pa:menu
2023-05-21 00:14:22,主世界,xiaofen6666435,2,303,12,放置方块,minecraft:gold_block,4,302,13,
2023-05-21 00:14:22,主世界,xiaofen6666435,2,303,12,使用物品,菜单,,,,类型：pa:menu
2023-05-21 00:14:22,主世界,xiaofen6666435,2,303,12,使用物品点击方块,minecraft:polished_blackstone_button,3,302,12,使用物品：菜单 类型：pa:menu
2023-05-21 00:14:22,主世界,xiaofen6666435,2,303,12,方块接受玩家互动,minecraft:polished_blackstone_button,3,302,12,
2023-05-21 00:14:36,主世界,xiaofen6666435,-50253,66,63,使用物品点击方块,minecraft:stone_block_slab,-50259,63,64,使用物品：弓 384 类型：minecraft:bow
2023-05-21 00:14:36,主世界,xiaofen6666435,-50253,66,63,放置方块,minecraft:stone_block_slab,-50259,63,64,
2023-05-21 00:14:36,主世界,xiaofen6666435,-50253,66,63,使用物品,弓 384,,,,类型：minecraft:bow
2023-05-21 00:14:38,主世界,xiaofen6666435,-50253,66,63,使用物品,弓 384,,,,类型：minecraft:bow
2023-05-21 00:14:39,主世界,箭,,,,弹射物击中,蜘蛛,-50318,62,109,
2023-05-21 00:14:43,主世界,箭,,,,弹射物击中,Noahland109,-50296,66,92,
2023-05-21 00:14:43,主世界,xiaofen6666435,-50254,66,62,使用物品,弓 384,,,,类型：minecraft:bow
2023-05-21 00:14:45,主世界,箭,,,,弹射物击中,Noahland109,-50296,66,92,
2023-05-21 00:14:46,主世界,xiaofen6666435,-50260,66,66,使用物品,弓 384,,,,类型：minecraft:bow
2023-05-21 00:14:49,主世界,xiaofen6666435,-50263,66,68,使用物品,弓 384,,,,类型：minecraft:bow
2023-05-21 00:14:50,主世界,xiaofen6666435,-50264,66,68,使用物品,弓 384,,,,类型：minecraft:bow
2023-05-21 00:14:51,主世界,xiaofen6666435,-50264,66,69,使用物品,弓 384,,,,类型：minecraft:bow
2023-05-21 00:14:51,主世界,xiaofen6666435,-50264,66,69,使用物品,弓 384,,,,类型：minecraft:bow
2023-05-21 00:14:52,主世界,xiaofen6666435,-50264,66,69,使用物品,弓 384,,,,类型：minecraft:bow
2023-05-21 00:14:52,主世界,xiaofen6666435,-50264,66,69,使用物品,弓 384,,,,类型：minecraft:bow
2023-05-21 00:14:57,主世界,entity.pa:ln.name,-50341,64,92,爆炸,,,,,
2023-05-21 00:14:58,主世界,entity.pa:ln.name,,,,弹射物击中,xiaofen6666435,-50286,66,85,
2023-05-21 00:14:58,主世界,entity.pa:ln.name,,,,弹射物击中,xiaofen6666435,-50286,66,85,
2023-05-21 00:14:58,主世界,entity.pa:ln.name,-50296,64,48,爆炸,,,,,
2023-05-21 00:14:58,主世界,entity.pa:ln.name,-50258,64,67,爆炸,,,,,
2023-05-21 00:14:59,主世界,entity.pa:ln.name,,,,弹射物击中,xiaofen6666435,-50285,67,82,
2023-05-21 00:14:59,主世界,entity.pa:ln.name,-50254,64,72,爆炸,,,,,
2023-05-21 00:14:59,主世界,entity.pa:ln.name,-50259,64,61,爆炸,,,,,
2023-05-21 00:15:00,主世界,entity.pa:ln.name,-50253,64,67,爆炸,,,,,
2023-05-21 00:15:00,主世界,entity.pa:ln.name,-50272,64,50,爆炸,,,,,
2023-05-21 00:15:01,主世界,entity.pa:ln.name,-50252,64,62,爆炸,,,,,
2023-05-21 00:15:01,主世界,entity.pa:ln.name,-50267,64,50,爆炸,,,,,
2023-05-21 00:15:02,主世界,entity.pa:ln.name,-50245,64,66,爆炸,,,,,
2023-05-21 00:15:05,主世界,xiaofen6666435,-50273,66,43,使用物品点击方块,minecraft:obsidian,-50270,63,43,使用物品：弓 384 类型：minecraft:bow
2023-05-21 00:15:05,主世界,xiaofen6666435,-50273,66,43,放置方块,minecraft:obsidian,-50270,63,43,
2023-05-21 00:15:05,主世界,xiaofen6666435,-50273,66,43,使用物品,弓 384,,,,类型：minecraft:bow
2023-05-21 00:15:06,主世界,xiaofen6666435,-50272,66,43,使用物品点击方块,minecraft:obsidian,-50270,63,43,使用物品：弓 384 类型：minecraft:bow
2023-05-21 00:15:06,主世界,xiaofen6666435,-50272,66,43,放置方块,minecraft:obsidian,-50270,63,43,
2023-05-21 00:15:06,主世界,xiaofen6666435,-50273,66,43,使用物品,弓 384,,,,类型：minecraft:bow
2023-05-21 00:15:06,主世界,xiaofen6666435,-50273,66,43,方块接受玩家互动,minecraft:barrel,-50270,64,42,
2023-05-21 00:15:06,主世界,xiaofen6666435,-50273,66,43,打开容器,minecraft:barrel,-50270,64,42,
2023-05-21 00:15:08,主世界,xiaofen6666435,-50272,66,43,容器 放入物品,minecraft:barrel,-50270,64,42,从第15号槽 放入2个 Copper Tough Binding
2023-05-21 00:15:08,主世界,xiaofen6666435,-50272,66,43,容器 取出物品,minecraft:barrel,-50270,64,42,从第26号槽 取出1个 Copper Tough Binding
2023-05-21 00:15:08,主世界,xiaofen6666435,-50272,66,43,容器 放入物品,minecraft:barrel,-50270,64,42,从第15号槽 放入3个 Copper Tough Binding
2023-05-21 00:15:08,主世界,xiaofen6666435,-50272,66,43,容器 取出物品,minecraft:barrel,-50270,64,42,从第25号槽 取出1个 Copper Tough Binding
2023-05-21 00:15:08,主世界,xiaofen6666435,-50272,66,43,容器 放入物品,minecraft:barrel,-50270,64,42,从第15号槽 放入4个 Copper Tough Binding
2023-05-21 00:15:08,主世界,xiaofen6666435,-50272,66,43,容器 取出物品,minecraft:barrel,-50270,64,42,从第24号槽 取出1个 Copper Tough Binding
2023-05-21 00:15:08,主世界,xiaofen6666435,-50272,66,43,容器 取出物品,minecraft:barrel,-50270,64,42,从第23号槽 取出1个 Copper Tough Binding
2023-05-21 00:15:08,主世界,xiaofen6666435,-50272,66,43,容器 放入物品,minecraft:barrel,-50270,64,42,从第15号槽 放入5个 Copper Tough Binding
2023-05-21 00:15:08,主世界,xiaofen6666435,-50272,66,43,容器 放入物品,minecraft:barrel,-50270,64,42,从第15号槽 放入6个 Copper Tough Binding
2023-05-21 00:15:08,主世界,xiaofen6666435,-50272,66,43,容器 取出物品,minecraft:barrel,-50270,64,42,从第22号槽 取出1个 Copper Tough Binding
2023-05-21 00:15:08,主世界,xiaofen6666435,-50272,66,43,容器 放入物品,minecraft:barrel,-50270,64,42,从第15号槽 放入7个 Copper Tough Binding
2023-05-21 00:15:08,主世界,xiaofen6666435,-50272,66,43,容器 取出物品,minecraft:barrel,-50270,64,42,从第21号槽 取出1个 Copper Tough Binding
2023-05-21 00:15:08,主世界,xiaofen6666435,-50272,66,43,容器 放入物品,minecraft:barrel,-50270,64,42,从第15号槽 放入8个 Copper Tough Binding
2023-05-21 00:15:08,主世界,xiaofen6666435,-50272,66,43,容器 取出物品,minecraft:barrel,-50270,64,42,从第20号槽 取出1个 Copper Tough Binding
2023-05-21 00:15:08,主世界,xiaofen6666435,-50272,66,43,容器 放入物品,minecraft:barrel,-50270,64,42,从第15号槽 放入9个 Copper Tough Binding
2023-05-21 00:15:08,主世界,xiaofen6666435,-50272,66,43,容器 取出物品,minecraft:barrel,-50270,64,42,从第19号槽 取出1个 Copper Tough Binding
2023-05-21 00:15:08,主世界,xiaofen6666435,-50272,66,43,容器 放入物品,minecraft:barrel,-50270,64,42,从第15号槽 放入10个 Copper Tough Binding
2023-05-21 00:15:08,主世界,xiaofen6666435,-50272,66,43,容器 取出物品,minecraft:barrel,-50270,64,42,从第18号槽 取出1个 Copper Tough Binding
2023-05-21 00:15:08,主世界,xiaofen6666435,-50272,66,43,容器 放入物品,minecraft:barrel,-50270,64,42,从第15号槽 放入11个 Copper Tough Binding
2023-05-21 00:15:08,主世界,xiaofen6666435,-50272,66,43,容器 取出物品,minecraft:barrel,-50270,64,42,从第17号槽 取出1个 Copper Tough Binding
2023-05-21 00:15:08,主世界,xiaofen6666435,-50272,66,43,容器 放入物品,minecraft:barrel,-50270,64,42,从第15号槽 放入12个 Copper Tough Binding
2023-05-21 00:15:08,主世界,xiaofen6666435,-50272,66,43,容器 取出物品,minecraft:barrel,-50270,64,42,从第16号槽 取出1个 Copper Tough Binding
2023-05-21 00:15:08,主世界,xiaofen6666435,-50272,66,43,容器 放入物品,minecraft:barrel,-50270,64,42,从第15号槽 放入13个 Copper Tough Binding
2023-05-21 00:15:08,主世界,xiaofen6666435,-50272,66,43,容器 取出物品,minecraft:barrel,-50270,64,42,从第14号槽 取出1个 Copper Tough Binding
2023-05-21 00:15:08,主世界,xiaofen6666435,-50272,66,43,容器 放入物品,minecraft:barrel,-50270,64,42,从第15号槽 放入14个 Copper Tough Binding
2023-05-21 00:15:08,主世界,xiaofen6666435,-50272,66,43,容器 取出物品,minecraft:barrel,-50270,64,42,从第12号槽 取出1个 Copper Tough Binding
2023-05-21 00:15:08,主世界,xiaofen6666435,-50272,66,43,容器 放入物品,minecraft:barrel,-50270,64,42,从第15号槽 放入15个 Copper Tough Binding
2023-05-21 00:15:08,主世界,xiaofen6666435,-50272,66,43,容器 取出物品,minecraft:barrel,-50270,64,42,从第11号槽 取出1个 Copper Tough Binding
2023-05-21 00:15:08,主世界,xiaofen6666435,-50272,66,43,容器 放入物品,minecraft:barrel,-50270,64,42,从第15号槽 放入16个 Copper Tough Binding
2023-05-21 00:15:08,主世界,xiaofen6666435,-50272,66,43,容器 取出物品,minecraft:barrel,-50270,64,42,从第10号槽 取出1个 Copper Tough Binding
2023-05-21 00:15:08,主世界,xiaofen6666435,-50272,66,43,容器 放入物品,minecraft:barrel,-50270,64,42,从第15号槽 放入17个 Copper Tough Binding
2023-05-21 00:15:08,主世界,xiaofen6666435,-50272,66,43,容器 取出物品,minecraft:barrel,-50270,64,42,从第9号槽 取出1个 Copper Tough Binding
2023-05-21 00:15:08,主世界,xiaofen6666435,-50272,66,43,容器 放入物品,minecraft:barrel,-50270,64,42,从第15号槽 放入18个 Copper Tough Binding
2023-05-21 00:15:08,主世界,xiaofen6666435,-50272,66,43,容器 取出物品,minecraft:barrel,-50270,64,42,从第8号槽 取出1个 Copper Tough Binding
2023-05-21 00:15:08,主世界,xiaofen6666435,-50272,66,43,容器 取出物品,minecraft:barrel,-50270,64,42,从第7号槽 取出1个 Copper Tough Binding
2023-05-21 00:15:08,主世界,xiaofen6666435,-50272,66,43,容器 放入物品,minecraft:barrel,-50270,64,42,从第15号槽 放入19个 Copper Tough Binding
2023-05-21 00:15:08,主世界,xiaofen6666435,-50272,66,43,容器 放入物品,minecraft:barrel,-50270,64,42,从第15号槽 放入20个 Copper Tough Binding
2023-05-21 00:15:08,主世界,xiaofen6666435,-50272,66,43,容器 取出物品,minecraft:barrel,-50270,64,42,从第6号槽 取出1个 Copper Tough Binding
2023-05-21 00:15:08,主世界,xiaofen6666435,-50272,66,43,容器 放入物品,minecraft:barrel,-50270,64,42,从第15号槽 放入21个 Copper Tough Binding
2023-05-21 00:15:08,主世界,xiaofen6666435,-50272,66,43,容器 取出物品,minecraft:barrel,-50270,64,42,从第5号槽 取出1个 Copper Tough Binding
2023-05-21 00:15:08,主世界,xiaofen6666435,-50272,66,43,容器 放入物品,minecraft:barrel,-50270,64,42,从第15号槽 放入22个 Copper Tough Binding
2023-05-21 00:15:08,主世界,xiaofen6666435,-50272,66,43,容器 取出物品,minecraft:barrel,-50270,64,42,从第4号槽 取出1个 Copper Tough Binding
2023-05-21 00:15:08,主世界,xiaofen6666435,-50272,66,43,容器 放入物品,minecraft:barrel,-50270,64,42,从第15号槽 放入23个 Copper Tough Binding
2023-05-21 00:15:08,主世界,xiaofen6666435,-50272,66,43,容器 取出物品,minecraft:barrel,-50270,64,42,从第3号槽 取出1个 Copper Tough Binding
2023-05-21 00:15:08,主世界,xiaofen6666435,-50272,66,43,容器 放入物品,minecraft:barrel,-50270,64,42,从第15号槽 放入24个 Copper Tough Binding
2023-05-21 00:15:08,主世界,xiaofen6666435,-50272,66,43,容器 取出物品,minecraft:barrel,-50270,64,42,从第2号槽 取出1个 Copper Tough Binding
2023-05-21 00:15:08,主世界,xiaofen6666435,-50272,66,43,容器 放入物品,minecraft:barrel,-50270,64,42,从第15号槽 放入25个 Copper Tough Binding
2023-05-21 00:15:08,主世界,xiaofen6666435,-50272,66,43,容器 取出物品,minecraft:barrel,-50270,64,42,从第1号槽 取出1个 Copper Tough Binding
2023-05-21 00:15:08,主世界,xiaofen6666435,-50272,66,43,容器 放入物品,minecraft:barrel,-50270,64,42,从第15号槽 放入26个 Copper Tough Binding
2023-05-21 00:15:08,主世界,xiaofen6666435,-50272,66,43,容器 取出物品,minecraft:barrel,-50270,64,42,从第0号槽 取出1个 Copper Tough Binding
2023-05-21 00:15:10,主世界,xiaofen6666435,-50272,66,43,容器 取出物品,minecraft:barrel,-50270,64,42,从第15号槽 取出26个 Copper Tough Binding
2023-05-21 00:15:12,主世界,xiaofen6666435,-50272,66,43,容器 放入物品,minecraft:barrel,-50270,64,42,从第22号槽 放入26个 Copper Tough Binding
2023-05-21 00:15:14,主世界,xiaofen6666435,-50272,66,43,关闭容器,minecraft:barrel,-50270,64,42,
2023-05-21 00:15:15,主世界,xiaofen6666435,-50272,66,43,使用物品点击方块,minecraft:barrel,-50270,64,42,使用物品：弓 384 类型：minecraft:bow
2023-05-21 00:15:15,主世界,xiaofen6666435,-50272,66,43,方块接受玩家互动,minecraft:barrel,-50270,64,42,
2023-05-21 00:15:15,主世界,xiaofen6666435,-50272,66,43,打开容器,minecraft:barrel,-50270,64,42,
2023-05-21 00:15:17,主世界,xiaofen6666435,-50272,66,43,关闭容器,minecraft:barrel,-50270,64,42,
2023-05-21 00:15:18,主世界,xiaofen6666435,-50269,67,43,使用物品点击方块,minecraft:barrel,-50269,64,42,使用物品：弓 384 类型：minecraft:bow
2023-05-21 00:15:18,主世界,xiaofen6666435,-50269,67,43,方块接受玩家互动,minecraft:barrel,-50269,64,42,
2023-05-21 00:15:18,主世界,xiaofen6666435,-50269,67,43,打开容器,minecraft:barrel,-50269,64,42,
2023-05-21 00:15:21,主世界,xiaofen6666435,-50269,67,43,关闭容器,minecraft:barrel,-50269,64,42,
2023-05-21 00:15:21,主世界,xiaofen6666435,-50270,67,43,使用物品点击方块,minecraft:barrel,-50270,64,42,使用物品：弓 384 类型：minecraft:bow
2023-05-21 00:15:21,主世界,xiaofen6666435,-50270,67,43,方块接受玩家互动,minecraft:barrel,-50270,64,42,
2023-05-21 00:15:21,主世界,xiaofen6666435,-50270,67,43,打开容器,minecraft:barrel,-50270,64,42,
2023-05-21 00:15:24,主世界,xiaofen6666435,-50270,67,43,容器 放入物品,minecraft:barrel,-50270,64,42,从第1号槽 放入26个 Copper Tough Binding
2023-05-21 00:15:24,主世界,xiaofen6666435,-50270,67,43,容器 取出物品,minecraft:barrel,-50270,64,42,从第22号槽 取出26个 Copper Tough Binding
2023-05-21 00:15:25,主世界,xiaofen6666435,-50270,67,43,容器 放入物品,minecraft:barrel,-50270,64,42,从第0号槽 放入26个 Copper Tough Binding
2023-05-21 00:15:25,主世界,xiaofen6666435,-50270,67,43,容器 取出物品,minecraft:barrel,-50270,64,42,从第1号槽 取出26个 Copper Tough Binding
2023-05-21 00:15:25,主世界,xiaofen6666435,-50270,67,43,容器 放入物品,minecraft:barrel,-50270,64,42,从第9号槽 放入13个 Copper Tough Binding
2023-05-21 00:15:25,主世界,xiaofen6666435,-50270,67,43,容器 放入物品,minecraft:barrel,-50270,64,42,从第0号槽 放入13个 Copper Tough Binding
2023-05-21 00:15:25,主世界,xiaofen6666435,-50270,67,43,容器 放入物品,minecraft:barrel,-50270,64,42,从第18号槽 放入5个 Copper Tough Binding
2023-05-21 00:15:25,主世界,xiaofen6666435,-50270,67,43,容器 放入物品,minecraft:barrel,-50270,64,42,从第0号槽 放入8个 Copper Tough Binding
2023-05-21 00:15:25,主世界,xiaofen6666435,-50270,67,43,容器 放入物品,minecraft:barrel,-50270,64,42,从第18号槽 放入8个 Copper Tough Binding
2023-05-21 00:15:25,主世界,xiaofen6666435,-50270,67,43,容器 放入物品,minecraft:barrel,-50270,64,42,从第9号槽 放入10个 Copper Tough Binding
2023-05-21 00:15:25,主世界,xiaofen6666435,-50270,67,43,容器 放入物品,minecraft:barrel,-50270,64,42,从第9号槽 放入8个 Copper Tough Binding
2023-05-21 00:15:25,主世界,xiaofen6666435,-50270,67,43,容器 放入物品,minecraft:barrel,-50270,64,42,从第1号槽 放入2个 Copper Tough Binding
2023-05-21 00:15:25,主世界,xiaofen6666435,-50270,67,43,容器 放入物品,minecraft:barrel,-50270,64,42,从第19号槽 放入2个 Copper Tough Binding
2023-05-21 00:15:25,主世界,xiaofen6666435,-50270,67,43,容器 放入物品,minecraft:barrel,-50270,64,42,从第0号槽 放入6个 Copper Tough Binding
2023-05-21 00:15:25,主世界,xiaofen6666435,-50270,67,43,容器 放入物品,minecraft:barrel,-50270,64,42,从第19号槽 放入4个 Copper Tough Binding
2023-05-21 00:15:25,主世界,xiaofen6666435,-50270,67,43,容器 放入物品,minecraft:barrel,-50270,64,42,从第9号槽 放入6个 Copper Tough Binding
2023-05-21 00:15:25,主世界,xiaofen6666435,-50270,67,43,容器 放入物品,minecraft:barrel,-50270,64,42,从第19号槽 放入6个 Copper Tough Binding
2023-05-21 00:15:25,主世界,xiaofen6666435,-50270,67,43,容器 放入物品,minecraft:barrel,-50270,64,42,从第18号槽 放入6个 Copper Tough Binding
2023-05-21 00:15:25,主世界,xiaofen6666435,-50270,67,43,容器 放入物品,minecraft:barrel,-50270,64,42,从第10号槽 放入1个 Copper Tough Binding
2023-05-21 00:15:25,主世界,xiaofen6666435,-50270,67,43,容器 放入物品,minecraft:barrel,-50270,64,42,从第0号槽 放入5个 Copper Tough Binding
2023-05-21 00:15:25,主世界,xiaofen6666435,-50270,67,43,容器 放入物品,minecraft:barrel,-50270,64,42,从第10号槽 放入2个 Copper Tough Binding
2023-05-21 00:15:25,主世界,xiaofen6666435,-50270,67,43,容器 放入物品,minecraft:barrel,-50270,64,42,从第9号槽 放入5个 Copper Tough Binding
2023-05-21 00:15:25,主世界,xiaofen6666435,-50270,67,43,容器 放入物品,minecraft:barrel,-50270,64,42,从第18号槽 放入5个 Copper Tough Binding
2023-05-21 00:15:25,主世界,xiaofen6666435,-50270,67,43,容器 放入物品,minecraft:barrel,-50270,64,42,从第10号槽 放入3个 Copper Tough Binding
2023-05-21 00:15:25,主世界,xiaofen6666435,-50270,67,43,容器 放入物品,minecraft:barrel,-50270,64,42,从第10号槽 放入4个 Copper Tough Binding
2023-05-21 00:15:25,主世界,xiaofen6666435,-50270,67,43,容器 放入物品,minecraft:barrel,-50270,64,42,从第19号槽 放入5个 Copper Tough Binding
2023-05-21 00:15:25,主世界,xiaofen6666435,-50270,67,43,容器 放入物品,minecraft:barrel,-50270,64,42,从第10号槽 放入5个 Copper Tough Binding
2023-05-21 00:15:25,主世界,xiaofen6666435,-50270,67,43,容器 放入物品,minecraft:barrel,-50270,64,42,从第1号槽 放入1个 Copper Tough Binding
2023-05-21 00:15:26,主世界,xiaofen6666435,-50270,67,43,容器 放入物品,minecraft:barrel,-50270,64,42,从第2号槽 放入1个 Copper Tough Binding
2023-05-21 00:15:26,主世界,xiaofen6666435,-50270,67,43,容器 放入物品,minecraft:barrel,-50270,64,42,从第0号槽 放入4个 Copper Tough Binding
2023-05-21 00:15:26,主世界,xiaofen6666435,-50270,67,43,容器 放入物品,minecraft:barrel,-50270,64,42,从第2号槽 放入2个 Copper Tough Binding
2023-05-21 00:15:26,主世界,xiaofen6666435,-50270,67,43,容器 放入物品,minecraft:barrel,-50270,64,42,从第9号槽 放入4个 Copper Tough Binding
2023-05-21 00:15:26,主世界,xiaofen6666435,-50270,67,43,容器 放入物品,minecraft:barrel,-50270,64,42,从第18号槽 放入4个 Copper Tough Binding
2023-05-21 00:15:26,主世界,xiaofen6666435,-50270,67,43,容器 放入物品,minecraft:barrel,-50270,64,42,从第2号槽 放入3个 Copper Tough Binding
2023-05-21 00:15:26,主世界,xiaofen6666435,-50270,67,43,容器 放入物品,minecraft:barrel,-50270,64,42,从第2号槽 放入4个 Copper Tough Binding
2023-05-21 00:15:26,主世界,xiaofen6666435,-50270,67,43,容器 放入物品,minecraft:barrel,-50270,64,42,从第19号槽 放入4个 Copper Tough Binding
2023-05-21 00:15:26,主世界,xiaofen6666435,-50270,67,43,容器 放入物品,minecraft:barrel,-50270,64,42,从第1号槽 放入2个 Copper Tough Binding
2023-05-21 00:15:26,主世界,xiaofen6666435,-50270,67,43,容器 放入物品,minecraft:barrel,-50270,64,42,从第10号槽 放入4个 Copper Tough Binding
2023-05-21 00:15:26,主世界,xiaofen6666435,-50270,67,43,容器 放入物品,minecraft:barrel,-50270,64,42,从第11号槽 放入1个 Copper Tough Binding
2023-05-21 00:15:26,主世界,xiaofen6666435,-50270,67,43,容器 放入物品,minecraft:barrel,-50270,64,42,从第0号槽 放入3个 Copper Tough Binding
2023-05-21 00:15:26,主世界,xiaofen6666435,-50270,67,43,容器 放入物品,minecraft:barrel,-50270,64,42,从第11号槽 放入2个 Copper Tough Binding
2023-05-21 00:15:26,主世界,xiaofen6666435,-50270,67,43,容器 放入物品,minecraft:barrel,-50270,64,42,从第9号槽 放入3个 Copper Tough Binding
2023-05-21 00:15:26,主世界,xiaofen6666435,-50270,67,43,容器 放入物品,minecraft:barrel,-50270,64,42,从第11号槽 放入3个 Copper Tough Binding
2023-05-21 00:15:26,主世界,xiaofen6666435,-50270,67,43,容器 放入物品,minecraft:barrel,-50270,64,42,从第18号槽 放入3个 Copper Tough Binding
2023-05-21 00:15:26,主世界,xiaofen6666435,-50270,67,43,容器 放入物品,minecraft:barrel,-50270,64,42,从第1号槽 放入3个 Copper Tough Binding
2023-05-21 00:15:26,主世界,xiaofen6666435,-50270,67,43,容器 放入物品,minecraft:barrel,-50270,64,42,从第19号槽 放入3个 Copper Tough Binding
2023-05-21 00:15:26,主世界,xiaofen6666435,-50270,67,43,容器 放入物品,minecraft:barrel,-50270,64,42,从第1号槽 放入4个 Copper Tough Binding
2023-05-21 00:15:26,主世界,xiaofen6666435,-50270,67,43,容器 放入物品,minecraft:barrel,-50270,64,42,从第10号槽 放入3个 Copper Tough Binding
2023-05-21 00:15:26,主世界,xiaofen6666435,-50270,67,43,容器 放入物品,minecraft:barrel,-50270,64,42,从第1号槽 放入5个 Copper Tough Binding
2023-05-21 00:15:26,主世界,xiaofen6666435,-50270,67,43,容器 放入物品,minecraft:barrel,-50270,64,42,从第2号槽 放入3个 Copper Tough Binding
2023-05-21 00:15:26,主世界,xiaofen6666435,-50270,67,43,容器 放入物品,minecraft:barrel,-50270,64,42,从第20号槽 放入3个 Copper Tough Binding
2023-05-21 00:15:26,主世界,xiaofen6666435,-50270,67,43,容器 放入物品,minecraft:barrel,-50270,64,42,从第1号槽 放入2个 Copper Tough Binding
2023-05-21 00:15:26,主世界,xiaofen6666435,-50270,67,43,容器 放入物品,minecraft:barrel,-50270,64,42,从第21号槽 放入1个 Copper Tough Binding
2023-05-21 00:15:26,主世界,xiaofen6666435,-50270,67,43,容器 放入物品,minecraft:barrel,-50270,64,42,从第0号槽 放入2个 Copper Tough Binding
2023-05-21 00:15:26,主世界,xiaofen6666435,-50270,67,43,容器 放入物品,minecraft:barrel,-50270,64,42,从第21号槽 放入2个 Copper Tough Binding
2023-05-21 00:15:26,主世界,xiaofen6666435,-50270,67,43,容器 放入物品,minecraft:barrel,-50270,64,42,从第9号槽 放入2个 Copper Tough Binding
2023-05-21 00:15:26,主世界,xiaofen6666435,-50270,67,43,容器 放入物品,minecraft:barrel,-50270,64,42,从第1号槽 放入3个 Copper Tough Binding
2023-05-21 00:15:26,主世界,xiaofen6666435,-50270,67,43,容器 放入物品,minecraft:barrel,-50270,64,42,从第18号槽 放入2个 Copper Tough Binding
2023-05-21 00:15:26,主世界,xiaofen6666435,-50270,67,43,容器 放入物品,minecraft:barrel,-50270,64,42,从第1号槽 放入4个 Copper Tough Binding
2023-05-21 00:15:26,主世界,xiaofen6666435,-50270,67,43,容器 放入物品,minecraft:barrel,-50270,64,42,从第19号槽 放入2个 Copper Tough Binding
2023-05-21 00:15:26,主世界,xiaofen6666435,-50270,67,43,容器 放入物品,minecraft:barrel,-50270,64,42,从第1号槽 放入5个 Copper Tough Binding
2023-05-21 00:15:26,主世界,xiaofen6666435,-50270,67,43,容器 放入物品,minecraft:barrel,-50270,64,42,从第10号槽 放入2个 Copper Tough Binding
2023-05-21 00:15:26,主世界,xiaofen6666435,-50270,67,43,容器 放入物品,minecraft:barrel,-50270,64,42,从第1号槽 放入6个 Copper Tough Binding
2023-05-21 00:15:26,主世界,xiaofen6666435,-50270,67,43,容器 放入物品,minecraft:barrel,-50270,64,42,从第2号槽 放入2个 Copper Tough Binding
2023-05-21 00:15:26,主世界,xiaofen6666435,-50270,67,43,容器 放入物品,minecraft:barrel,-50270,64,42,从第1号槽 放入7个 Copper Tough Binding
2023-05-21 00:15:26,主世界,xiaofen6666435,-50270,67,43,容器 放入物品,minecraft:barrel,-50270,64,42,从第11号槽 放入2个 Copper Tough Binding
2023-05-21 00:15:26,主世界,xiaofen6666435,-50270,67,43,容器 放入物品,minecraft:barrel,-50270,64,42,从第1号槽 放入8个 Copper Tough Binding
2023-05-21 00:15:26,主世界,xiaofen6666435,-50270,67,43,容器 放入物品,minecraft:barrel,-50270,64,42,从第20号槽 放入2个 Copper Tough Binding
2023-05-21 00:15:26,主世界,xiaofen6666435,-50270,67,43,容器 放入物品,minecraft:barrel,-50270,64,42,从第12号槽 放入2个 Copper Tough Binding
2023-05-21 00:15:26,主世界,xiaofen6666435,-50270,67,43,容器 放入物品,minecraft:barrel,-50270,64,42,从第1号槽 放入6个 Copper Tough Binding
2023-05-21 00:15:26,主世界,xiaofen6666435,-50270,67,43,容器 放入物品,minecraft:barrel,-50270,64,42,从第3号槽 放入2个 Copper Tough Binding
2023-05-21 00:15:26,主世界,xiaofen6666435,-50270,67,43,容器 放入物品,minecraft:barrel,-50270,64,42,从第1号槽 放入4个 Copper Tough Binding
2023-05-21 00:15:27,主世界,xiaofen6666435,-50270,67,43,容器 放入物品,minecraft:barrel,-50270,64,42,从第4号槽 放入2个 Copper Tough Binding
2023-05-21 00:15:27,主世界,xiaofen6666435,-50270,67,43,容器 放入物品,minecraft:barrel,-50270,64,42,从第1号槽 放入2个 Copper Tough Binding
2023-05-21 00:15:27,主世界,xiaofen6666435,-50270,67,43,容器 放入物品,minecraft:barrel,-50270,64,42,从第5号槽 放入2个 Copper Tough Binding
2023-05-21 00:15:27,主世界,xiaofen6666435,-50270,67,43,容器 取出物品,minecraft:barrel,-50270,64,42,从第1号槽 取出2个 Copper Tough Binding
2023-05-21 00:15:28,主世界,xiaofen6666435,-50270,67,43,容器 放入物品,minecraft:barrel,-50270,64,42,从第6号槽 放入1个 Copper Tough Binding
2023-05-21 00:15:28,主世界,xiaofen6666435,-50270,67,43,容器 放入物品,minecraft:barrel,-50270,64,42,从第0号槽 放入1个 Copper Tough Binding
2023-05-21 00:15:28,主世界,xiaofen6666435,-50270,67,43,容器 放入物品,minecraft:barrel,-50270,64,42,从第9号槽 放入1个 Copper Tough Binding
2023-05-21 00:15:28,主世界,xiaofen6666435,-50270,67,43,容器 放入物品,minecraft:barrel,-50270,64,42,从第1号槽 放入1个 Copper Tough Binding
2023-05-21 00:15:28,主世界,xiaofen6666435,-50270,67,43,容器 放入物品,minecraft:barrel,-50270,64,42,从第1号槽 放入2个 Copper Tough Binding
2023-05-21 00:15:28,主世界,xiaofen6666435,-50270,67,43,容器 放入物品,minecraft:barrel,-50270,64,42,从第18号槽 放入1个 Copper Tough Binding
2023-05-21 00:15:28,主世界,xiaofen6666435,-50270,67,43,容器 放入物品,minecraft:barrel,-50270,64,42,从第1号槽 放入3个 Copper Tough Binding
2023-05-21 00:15:28,主世界,xiaofen6666435,-50270,67,43,容器 放入物品,minecraft:barrel,-50270,64,42,从第19号槽 放入1个 Copper Tough Binding
2023-05-21 00:15:28,主世界,xiaofen6666435,-50270,67,43,容器 放入物品,minecraft:barrel,-50270,64,42,从第1号槽 放入4个 Copper Tough Binding
2023-05-21 00:15:28,主世界,xiaofen6666435,-50270,67,43,容器 放入物品,minecraft:barrel,-50270,64,42,从第10号槽 放入1个 Copper Tough Binding
2023-05-21 00:15:28,主世界,xiaofen6666435,-50270,67,43,容器 放入物品,minecraft:barrel,-50270,64,42,从第1号槽 放入5个 Copper Tough Binding
2023-05-21 00:15:28,主世界,xiaofen6666435,-50270,67,43,容器 放入物品,minecraft:barrel,-50270,64,42,从第2号槽 放入1个 Copper Tough Binding
2023-05-21 00:15:28,主世界,xiaofen6666435,-50270,67,43,容器 放入物品,minecraft:barrel,-50270,64,42,从第1号槽 放入6个 Copper Tough Binding
2023-05-21 00:15:28,主世界,xiaofen6666435,-50270,67,43,容器 放入物品,minecraft:barrel,-50270,64,42,从第11号槽 放入1个 Copper Tough Binding
2023-05-21 00:15:28,主世界,xiaofen6666435,-50270,67,43,容器 放入物品,minecraft:barrel,-50270,64,42,从第1号槽 放入7个 Copper Tough Binding
2023-05-21 00:15:28,主世界,xiaofen6666435,-50270,67,43,容器 放入物品,minecraft:barrel,-50270,64,42,从第20号槽 放入1个 Copper Tough Binding
2023-05-21 00:15:28,主世界,xiaofen6666435,-50270,67,43,容器 放入物品,minecraft:barrel,-50270,64,42,从第1号槽 放入8个 Copper Tough Binding
2023-05-21 00:15:28,主世界,xiaofen6666435,-50270,67,43,容器 放入物品,minecraft:barrel,-50270,64,42,从第21号槽 放入1个 Copper Tough Binding
2023-05-21 00:15:28,主世界,xiaofen6666435,-50270,67,43,容器 放入物品,minecraft:barrel,-50270,64,42,从第1号槽 放入9个 Copper Tough Binding
2023-05-21 00:15:28,主世界,xiaofen6666435,-50270,67,43,容器 放入物品,minecraft:barrel,-50270,64,42,从第12号槽 放入1个 Copper Tough Binding
2023-05-21 00:15:28,主世界,xiaofen6666435,-50270,67,43,容器 放入物品,minecraft:barrel,-50270,64,42,从第1号槽 放入10个 Copper Tough Binding
2023-05-21 00:15:28,主世界,xiaofen6666435,-50270,67,43,容器 放入物品,minecraft:barrel,-50270,64,42,从第3号槽 放入1个 Copper Tough Binding
2023-05-21 00:15:28,主世界,xiaofen6666435,-50270,67,43,容器 放入物品,minecraft:barrel,-50270,64,42,从第1号槽 放入11个 Copper Tough Binding
2023-05-21 00:15:28,主世界,xiaofen6666435,-50270,67,43,容器 放入物品,minecraft:barrel,-50270,64,42,从第4号槽 放入1个 Copper Tough Binding
2023-05-21 00:15:28,主世界,xiaofen6666435,-50270,67,43,容器 放入物品,minecraft:barrel,-50270,64,42,从第1号槽 放入12个 Copper Tough Binding
2023-05-21 00:15:28,主世界,xiaofen6666435,-50270,67,43,容器 放入物品,minecraft:barrel,-50270,64,42,从第5号槽 放入1个 Copper Tough Binding
2023-05-21 00:15:28,主世界,xiaofen6666435,-50270,67,43,容器 放入物品,minecraft:barrel,-50270,64,42,从第7号槽 放入1个 Copper Tough Binding
2023-05-21 00:15:28,主世界,xiaofen6666435,-50270,67,43,容器 放入物品,minecraft:barrel,-50270,64,42,从第1号槽 放入11个 Copper Tough Binding
2023-05-21 00:15:28,主世界,xiaofen6666435,-50270,67,43,容器 放入物品,minecraft:barrel,-50270,64,42,从第8号槽 放入1个 Copper Tough Binding
2023-05-21 00:15:28,主世界,xiaofen6666435,-50270,67,43,容器 放入物品,minecraft:barrel,-50270,64,42,从第1号槽 放入10个 Copper Tough Binding
2023-05-21 00:15:29,主世界,xiaofen6666435,-50270,67,43,容器 放入物品,minecraft:barrel,-50270,64,42,从第1号槽 放入9个 Copper Tough Binding
2023-05-21 00:15:29,主世界,xiaofen6666435,-50270,67,43,容器 放入物品,minecraft:barrel,-50270,64,42,从第17号槽 放入1个 Copper Tough Binding
2023-05-21 00:15:29,主世界,xiaofen6666435,-50270,67,43,容器 放入物品,minecraft:barrel,-50270,64,42,从第26号槽 放入1个 Copper Tough Binding
2023-05-21 00:15:29,主世界,xiaofen6666435,-50270,67,43,容器 放入物品,minecraft:barrel,-50270,64,42,从第1号槽 放入8个 Copper Tough Binding
2023-05-21 00:15:29,主世界,xiaofen6666435,-50270,67,43,容器 放入物品,minecraft:barrel,-50270,64,42,从第1号槽 放入7个 Copper Tough Binding
2023-05-21 00:15:29,主世界,xiaofen6666435,-50270,67,43,容器 放入物品,minecraft:barrel,-50270,64,42,从第25号槽 放入1个 Copper Tough Binding
2023-05-21 00:15:29,主世界,xiaofen6666435,-50270,67,43,容器 放入物品,minecraft:barrel,-50270,64,42,从第16号槽 放入1个 Copper Tough Binding
2023-05-21 00:15:29,主世界,xiaofen6666435,-50270,67,43,容器 放入物品,minecraft:barrel,-50270,64,42,从第1号槽 放入6个 Copper Tough Binding
2023-05-21 00:15:30,主世界,xiaofen6666435,-50270,67,43,容器 放入物品,minecraft:barrel,-50270,64,42,从第24号槽 放入1个 Copper Tough Binding
2023-05-21 00:15:30,主世界,xiaofen6666435,-50270,67,43,容器 放入物品,minecraft:barrel,-50270,64,42,从第1号槽 放入5个 Copper Tough Binding
2023-05-21 00:15:30,主世界,xiaofen6666435,-50270,67,43,容器 放入物品,minecraft:barrel,-50270,64,42,从第15号槽 放入1个 Copper Tough Binding
2023-05-21 00:15:30,主世界,xiaofen6666435,-50270,67,43,容器 放入物品,minecraft:barrel,-50270,64,42,从第1号槽 放入4个 Copper Tough Binding
2023-05-21 00:15:31,主世界,xiaofen6666435,-50270,67,43,容器 放入物品,minecraft:barrel,-50270,64,42,从第23号槽 放入1个 Copper Tough Binding
2023-05-21 00:15:31,主世界,xiaofen6666435,-50270,67,43,容器 放入物品,minecraft:barrel,-50270,64,42,从第1号槽 放入3个 Copper Tough Binding
2023-05-21 00:15:31,主世界,xiaofen6666435,-50270,67,43,容器 放入物品,minecraft:barrel,-50270,64,42,从第14号槽 放入1个 Copper Tough Binding
2023-05-21 00:15:31,主世界,xiaofen6666435,-50270,67,43,容器 放入物品,minecraft:barrel,-50270,64,42,从第1号槽 放入2个 Copper Tough Binding
2023-05-21 00:15:31,主世界,xiaofen6666435,-50270,67,43,容器 放入物品,minecraft:barrel,-50270,64,42,从第22号槽 放入1个 Copper Tough Binding
2023-05-21 00:15:31,主世界,xiaofen6666435,-50270,67,43,容器 放入物品,minecraft:barrel,-50270,64,42,从第1号槽 放入1个 Copper Tough Binding
2023-05-21 00:15:36,,xiaofen6666435,,,,离开服务器,,,,,
2023-05-21 00:15:36,主世界,xiaofen6666435,-50270,67,43,关闭容器,minecraft:barrel,-50270,64,42,
2023-05-21 00:23:43,,,,,,执行后台命令,allowlist add ULtimoFawn56770,,,,
2023-05-21 00:33:37,,,,,,执行后台命令,allowlist add Milehan,,,,
2023-05-21 00:35:17,,,,,,执行后台命令,save hold,,,,
2023-05-21 00:35:32,,,,,,执行后台命令,save reseum,,,,
2023-05-21 00:35:47,,,,,,执行后台命令,save resaum,,,,
2023-05-21 00:36:59,,,,,,执行后台命令,save resume,,,,
2023-05-21 00:37:06,,,,,,执行后台命令,save hold,,,,
2023-05-21 00:37:43,,,,,,执行后台命令,save resume,,,,
2023-05-21 00:38:46,,,,,,执行后台命令,save query,,,,
2023-05-21 00:38:54,,,,,,执行后台命令,save hole,,,,
2023-05-21 00:38:57,,,,,,执行后台命令,save hold,,,,
2023-05-21 00:39:03,,,,,,执行后台命令,save query,,,,
2023-05-21 00:40:09,,,,,,执行后台命令,save query,,,,
2023-05-21 00:40:15,,,,,,执行后台命令,save resume,,,,
2023-05-21 00:40:17,,Milehan,,,,开始进服,,,,,xuid=2535454513795804
2023-05-21 00:40:21,,,,,,执行后台命令,save hold,,,,
2023-05-21 00:40:29,,,,,,执行后台命令,save query,,,,
2023-05-21 00:40:36,主世界,Milehan,-62,65,-62,进入服务器,,,,,xuid=2535454513795804
2023-05-21 00:40:55,主世界,Milehan,-67,65,-75,使用物品点击方块,minecraft:nether_brick,-67,62,-78,使用物品：菜单 类型：pa:menu
2023-05-21 00:40:55,主世界,Milehan,-67,65,-75,放置方块,minecraft:nether_brick,-67,62,-78,
2023-05-21 00:40:59,主世界,Milehan,-71,66,-85,使用物品,菜单,,,,类型：pa:menu
2023-05-21 00:41:25,,Milehan,,,,离开服务器,,,,,
2023-05-21 00:41:41,,Milehan,,,,开始进服,,,,,xuid=2535454513795804
2023-05-21 00:41:55,,Milehan,,,,离开服务器,,,,,
2023-05-21 00:42:34,,Milehan,,,,开始进服,,,,,xuid=2535454513795804
2023-05-21 00:42:58,主世界,Milehan,-72,66,-101,进入服务器,,,,,xuid=2535454513795804
2023-05-21 00:43:48,主世界,Milehan,-0,303,11,使用物品点击方块,minecraft:polished_blackstone_button,-2,302,13,使用物品：菜单 类型：pa:menu
2023-05-21 00:43:48,主世界,Milehan,-0,303,11,方块接受玩家互动,minecraft:polished_blackstone_button,-2,302,13,
2023-05-21 00:43:51,主世界,Milehan,-0,303,11,使用物品点击方块,minecraft:polished_blackstone_button,0,302,13,使用物品：菜单 类型：pa:menu
2023-05-21 00:43:51,主世界,Milehan,-0,303,11,方块接受玩家互动,minecraft:polished_blackstone_button,0,302,13,
2023-05-21 11:25:06,主世界,Noahland109,-62,66,-62,进入服务器,,,,,xuid=-4290878867495458251
2023-05-21 11:25:46,,,,,,执行后台命令,stop,,,,
2023-05-21 11:36:37,主世界,Noahland109,-62,66,-62,进入服务器,,,,,xuid=-16337868055100143286
2023-05-21 11:45:18,,Milehan,,,,开始进服,,,,,xuid=2535454513795804
2023-05-21 11:45:38,主世界,Milehan,0,303,8,进入服务器,,,,,xuid=2535454513795804
2023-05-21 11:45:47,主世界,Milehan,1,303,-1,使用物品点击方块,minecraft:trapped_chest,0,301,-4,使用物品： 类型：
2023-05-21 11:45:47,主世界,Milehan,1,303,-1,打开容器,minecraft:trapped_chest,0,301,-4,
2023-05-21 11:45:47,主世界,Milehan,1,303,-1,方块接受玩家互动,minecraft:trapped_chest,0,301,-4,
2023-05-21 11:45:48,主世界,Milehan,0,199,-4,关闭容器,minecraft:trapped_chest,0,301,-4,
2023-05-21 11:45:51,主世界,Milehan,1,73,-4,玩家死亡,,,,,
2023-05-21 11:45:52,主世界,Milehan,1,73,-4,重生,,,,,
2023-05-21 11:46:19,,,,,,执行后台命令,allowlist remove ULtimoFawn56770,,,,
2023-05-21 11:46:44,主世界,Milehan,32,71,-123,攻击,兔子,32,69,-127,使用物品： 类型：
2023-05-21 11:46:44,主世界,Milehan,32,70,-124,攻击,兔子,32,70,-128,使用物品： 类型：
2023-05-21 11:46:44,主世界,Milehan,31,70,-124,使用物品点击方块,minecraft:grass,31,68,-126,使用物品： 类型：
2023-05-21 11:46:44,主世界,Milehan,31,70,-124,使用物品点击方块,minecraft:grass,31,68,-127,使用物品： 类型：
2023-05-21 11:46:45,主世界,Milehan,32,72,-128,使用物品点击方块,minecraft:grass,31,69,-134,使用物品： 类型：
2023-05-21 11:46:45,主世界,Milehan,32,72,-128,攻击,兔子,32,70,-130,使用物品： 类型：
2023-05-21 11:46:45,主世界,兔子,32,70,-130,生物死亡,,,,,由于Milehan的攻击
2023-05-21 11:46:46,主世界,Milehan,32,72,-129,使用物品点击方块,minecraft:grass,31,68,-133,使用物品： 类型：
2023-05-21 11:46:46,主世界,Milehan,31,71,-129,使用物品点击方块,minecraft:grass,31,68,-133,使用物品： 类型：
2023-05-21 11:46:50,,,,,,执行后台命令,allowlist add UltimoFawn56770,,,,
2023-05-21 11:46:59,主世界,Milehan,30,68,-168,破坏方块,minecraft:leaves,30,67,-171,
2023-05-21 11:46:59,主世界,Milehan,31,68,-169,破坏方块,minecraft:leaves,30,67,-172,
2023-05-21 11:47:00,主世界,Milehan,30,68,-170,捡起物品,木棍,31,66,-171,1个
2023-05-21 11:47:02,主世界,Milehan,31,68,-172,破坏方块,minecraft:oak_log,30,67,-173,
2023-05-21 11:47:03,主世界,Milehan,31,68,-172,捡起物品,橡树原木,31,67,-173,1个
2023-05-21 11:47:06,主世界,Milehan,31,68,-172,使用物品,木棍,,,,类型：minecraft:stick
2023-05-21 11:47:09,主世界,Milehan,31,68,-172,破坏方块,minecraft:oak_log,30,66,-173,
2023-05-21 11:47:10,主世界,Milehan,31,68,-172,捡起物品,橡树原木,31,67,-173,1个
2023-05-21 11:47:11,主世界,Milehan,31,68,-172,使用物品,木棍,,,,类型：minecraft:stick
2023-05-21 11:47:14,主世界,Milehan,31,68,-172,破坏方块,minecraft:oak_log,30,68,-173,
2023-05-21 11:47:14,主世界,Milehan,31,68,-172,捡起物品,橡树原木,30,67,-173,1个
2023-05-21 11:47:17,主世界,Milehan,31,68,-173,破坏方块,minecraft:oak_log,30,69,-173,
2023-05-21 11:47:18,主世界,Milehan,31,68,-173,捡起物品,橡树原木,31,68,-172,1个
2023-05-21 11:47:19,主世界,Milehan,31,69,-173,使用物品点击方块,minecraft:leaves,30,68,-172,使用物品：木棍 类型：minecraft:stick
2023-05-21 11:47:19,主世界,Milehan,31,69,-173,放置方块,minecraft:leaves,30,68,-172,
2023-05-21 11:47:19,主世界,Milehan,31,68,-173,攻击,僵尸,30,66,-172,使用物品：木棍 类型：minecraft:stick
2023-05-21 11:47:19,主世界,Milehan,31,68,-173,攻击,僵尸,30,66,-171,使用物品：木棍 类型：minecraft:stick
2023-05-21 11:47:19,主世界,Milehan,31,68,-173,攻击,僵尸,30,66,-171,使用物品：木棍 类型：minecraft:stick
2023-05-21 11:47:19,主世界,Milehan,31,68,-173,攻击,僵尸,30,66,-171,使用物品：木棍 类型：minecraft:stick
2023-05-21 11:47:20,主世界,Milehan,31,68,-173,攻击,僵尸,30,66,-171,使用物品：木棍 类型：minecraft:stick
2023-05-21 11:47:20,主世界,Milehan,31,69,-173,使用物品点击方块,minecraft:leaves,30,68,-172,使用物品：木棍 类型：minecraft:stick
2023-05-21 11:47:20,主世界,Milehan,31,69,-173,放置方块,minecraft:leaves,30,68,-172,
2023-05-21 11:47:20,主世界,Milehan,31,68,-173,攻击,僵尸,30,66,-171,使用物品：木棍 类型：minecraft:stick
2023-05-21 11:47:20,主世界,Milehan,31,68,-173,攻击,僵尸,30,66,-171,使用物品：木棍 类型：minecraft:stick
2023-05-21 11:47:20,主世界,Milehan,31,68,-173,攻击,僵尸,30,66,-171,使用物品：木棍 类型：minecraft:stick
2023-05-21 11:47:20,主世界,Milehan,31,68,-173,攻击,僵尸,30,66,-171,使用物品：木棍 类型：minecraft:stick
2023-05-21 11:47:21,主世界,Milehan,31,68,-173,玩家死亡,,,,,
2023-05-21 11:47:21,主世界,Milehan,31,68,-173,重生,,,,,
2023-05-21 11:47:24,主世界,Milehan,-65,65,-64,使用物品点击方块,minecraft:grass,-65,62,-67,使用物品：木棍 类型：minecraft:stick
2023-05-21 11:47:24,主世界,Milehan,-65,65,-64,放置方块,minecraft:grass,-65,62,-67,
2023-05-21 11:47:24,主世界,Milehan,-65,65,-64,使用物品点击方块,minecraft:grass,-65,62,-67,使用物品：木棍 类型：minecraft:stick
2023-05-21 11:47:24,主世界,Milehan,-65,65,-64,放置方块,minecraft:grass,-65,62,-67,
2023-05-21 11:47:25,主世界,Milehan,-65,65,-64,使用物品点击方块,minecraft:snow_layer,-65,63,-66,使用物品：木棍 类型：minecraft:stick
2023-05-21 11:47:25,主世界,Milehan,-65,65,-64,放置方块,minecraft:snow_layer,-65,63,-66,
2023-05-21 11:47:45,主世界,狐狸,-34,64,-35,破坏耕地,minecraft:farm_land,-35,63,-35,
2023-05-21 11:47:53,主世界,狐狸,-37,64,-32,破坏耕地,minecraft:farm_land,-37,63,-33,
2023-05-21 11:47:58,主世界,Milehan,-67,65,-65,使用物品点击方块,minecraft:grass,-68,62,-65,使用物品：Crafting Station 类型：strat:crafting_station
2023-05-21 11:47:58,主世界,Milehan,-67,65,-65,放置方块,minecraft:grass,-68,62,-65,
2023-05-21 11:47:59,主世界,Milehan,-67,65,-66,使用物品点击方块,strat:crafting_station,-68,63,-65,使用物品： 类型：
2023-05-21 11:47:59,主世界,Milehan,-67,65,-66,打开容器,strat:crafting_station,-68,63,-65,
2023-05-21 11:48:07,主世界,Milehan,-66,65,-66,使用物品点击方块,minecraft:snow_layer,-67,63,-66,使用物品： 类型：
2023-05-21 11:48:07,主世界,Milehan,-66,65,-66,使用物品点击方块,minecraft:grass,-68,62,-66,使用物品：Part Builder (Oak) 类型：strat:part_builder_oak
2023-05-21 11:48:07,主世界,Milehan,-66,65,-66,放置方块,minecraft:grass,-68,62,-66,
2023-05-21 11:48:08,主世界,Milehan,-66,65,-66,使用物品点击方块,strat:part_builder_oak,-68,63,-66,使用物品： 类型：
2023-05-21 11:48:08,主世界,Milehan,-66,65,-66,打开容器,strat:part_builder_oak,-68,63,-66,
2023-05-21 11:48:23,主世界,Milehan,-67,66,-64,使用物品点击方块,strat:crafting_station,-68,63,-65,使用物品： 类型：
2023-05-21 11:48:23,主世界,Milehan,-67,66,-64,打开容器,strat:crafting_station,-68,63,-65,
2023-05-21 11:48:28,主世界,Milehan,-67,66,-64,破坏方块,strat:crafting_station,-68,63,-65,
2023-05-21 11:48:28,主世界,Milehan,-67,65,-64,捡起物品,Crafting Station,-68,64,-65,1个
2023-05-21 11:48:30,主世界,Milehan,-67,65,-64,破坏方块,strat:part_builder_oak,-68,63,-66,
2023-05-21 11:48:32,主世界,Milehan,-68,65,-66,捡起物品,Part Builder (Oak),-69,63,-66,1个
2023-05-21 11:48:40,主世界,三叉戟,,,,弹射物击中,Milehan,-54,65,-74,
2023-05-21 11:49:03,主世界,Milehan,-6,66,-22,使用物品点击方块,minecraft:grass,-11,64,-22,使用物品： 类型：
2023-05-21 11:49:15,主世界,Milehan,-25,70,22,使用物品点击方块,minecraft:sweet_berry_bush,-27,67,20,使用物品： 类型：
2023-05-21 11:49:15,主世界,Milehan,-25,70,22,方块接受玩家互动,minecraft:sweet_berry_bush,-27,67,20,
2023-05-21 11:49:15,主世界,Milehan,-25,70,22,使用物品点击方块,minecraft:sweet_berry_bush,-28,67,20,使用物品： 类型：
2023-05-21 11:49:15,主世界,Milehan,-25,70,22,方块接受玩家互动,minecraft:sweet_berry_bush,-28,67,20,
2023-05-21 11:49:15,主世界,Milehan,-25,70,22,使用物品点击方块,minecraft:sweet_berry_bush,-28,67,20,使用物品： 类型：
2023-05-21 11:49:15,主世界,Milehan,-25,70,22,使用物品点击方块,minecraft:sweet_berry_bush,-27,67,19,使用物品： 类型：
2023-05-21 11:49:15,主世界,Milehan,-25,70,22,方块接受玩家互动,minecraft:sweet_berry_bush,-27,67,19,
2023-05-21 11:49:16,主世界,Milehan,-24,70,21,使用物品点击方块,minecraft:red_flower,-27,67,22,使用物品： 类型：
2023-05-21 11:49:16,主世界,Milehan,-24,70,21,使用物品点击方块,minecraft:sweet_berry_bush,-26,67,19,使用物品： 类型：
2023-05-21 11:49:16,主世界,Milehan,-24,70,21,方块接受玩家互动,minecraft:sweet_berry_bush,-26,67,19,
2023-05-21 11:49:16,主世界,Milehan,-25,70,21,捡起物品,甜莓 1 0.6 1.6秒,-26,68,20,1个
2023-05-21 11:49:17,主世界,Milehan,-26,69,21,捡起物品,甜莓 1 0.6 1.6秒,-26,67,20,4个
2023-05-21 11:49:17,主世界,Milehan,-26,69,21,捡起物品,甜莓 1 0.6 1.6秒,-27,67,21,1个
2023-05-21 11:49:18,主世界,Milehan,-24,69,21,捡起物品,甜莓 1 0.6 1.6秒,-25,67,20,2个
2023-05-21 11:49:20,主世界,Milehan,-27,69,22,捡起物品,甜莓 1 0.6 1.6秒,-28,67,21,1个
2023-05-21 11:49:58,主世界,Milehan,-90,66,173,破坏方块,minecraft:tallgrass,-93,64,175,
2023-05-21 11:49:58,主世界,Milehan,-89,66,174,破坏方块,minecraft:tallgrass,-94,64,176,
2023-05-21 11:50:07,主世界,Milehan,-81,65,231,使用物品点击方块,minecraft:air,-82,64,232,使用物品： 类型：
2023-05-21 11:50:14,主世界,Milehan,-99,65,228,使用物品点击方块,minecraft:reeds,-99,64,228,使用物品： 类型：
2023-05-21 11:50:37,主世界,Milehan,-110,66,251,捡起物品,生猪,-111,64,251,1个
2023-05-21 11:51:16,主世界,Milehan,-123,77,353,破坏方块,minecraft:birch_log,-123,76,353,
2023-05-21 11:51:37,主世界,Milehan,-100,89,363,使用物品点击方块,minecraft:border_block,-100,88,363,使用物品：生猪 类型：dp_foods_plus:raw_boar
2023-05-21 11:51:37,主世界,Milehan,-100,89,363,放置方块,minecraft:border_block,-100,88,363,
2023-05-21 11:51:38,主世界,Milehan,-100,89,363,使用物品点击方块,minecraft:border_block,-100,88,363,使用物品：生猪 类型：dp_foods_plus:raw_boar
2023-05-21 11:51:38,主世界,Milehan,-100,89,363,放置方块,minecraft:border_block,-100,88,363,
2023-05-21 11:51:42,主世界,Milehan,-101,87,371,使用物品点击方块,minecraft:leaves,-108,84,371,使用物品：生猪 类型：dp_foods_plus:raw_boar
2023-05-21 11:51:42,主世界,Milehan,-101,87,371,放置方块,minecraft:leaves,-108,84,371,
2023-05-21 11:51:54,主世界,Milehan,-108,88,372,使用物品,生猪,,,,类型：dp_foods_plus:raw_boar
2023-05-21 11:51:55,主世界,Milehan,-108,88,372,使用物品,生猪,,,,类型：dp_foods_plus:raw_boar
2023-05-21 11:51:55,主世界,Milehan,-108,88,372,破坏方块,minecraft:leaves,-109,85,371,
2023-05-21 11:51:59,主世界,Milehan,-108,87,372,破坏方块,minecraft:birch_log,-109,84,371,
2023-05-21 11:51:59,主世界,Milehan,-108,86,372,捡起物品,桦树原木,-109,85,371,1个
2023-05-21 11:52:02,主世界,Milehan,-109,86,371,破坏方块,minecraft:birch_log,-109,83,371,
2023-05-21 11:52:03,主世界,Milehan,-109,85,371,捡起物品,桦树原木,-108,83,372,1个
2023-05-21 11:52:06,主世界,Milehan,-109,85,371,破坏方块,minecraft:birch_log,-109,82,371,
2023-05-21 11:52:06,主世界,Milehan,-109,84,371,捡起物品,桦树原木,-108,83,372,1个
2023-05-21 11:52:09,主世界,Milehan,-109,84,371,破坏方块,minecraft:birch_log,-109,81,371,
2023-05-21 11:52:09,主世界,Milehan,-109,83,371,捡起物品,桦树原木,-109,82,372,1个
2023-05-21 11:52:12,主世界,Milehan,-109,83,371,破坏方块,minecraft:birch_log,-109,80,371,
2023-05-21 11:52:13,主世界,Milehan,-109,82,371,捡起物品,桦树原木,-108,80,371,1个
2023-05-21 11:52:15,主世界,Milehan,-109,82,371,破坏方块,minecraft:birch_log,-109,79,371,
2023-05-21 11:52:16,主世界,Milehan,-109,81,371,捡起物品,桦树原木,-108,80,372,1个
2023-05-21 11:52:19,主世界,Milehan,-109,81,371,破坏方块,minecraft:birch_log,-109,78,371,
2023-05-21 11:52:19,主世界,Milehan,-109,80,371,捡起物品,桦树原木,-109,78,372,1个
2023-05-21 11:53:02,主世界,Milehan,-120,71,368,使用物品点击方块,minecraft:tallgrass,-121,71,366,使用物品：生猪 类型：dp_foods_plus:raw_boar
2023-05-21 11:53:02,主世界,Milehan,-120,71,368,放置方块,minecraft:tallgrass,-121,71,366,
2023-05-21 11:53:02,主世界,Milehan,-122,72,367,使用物品点击方块,minecraft:birch_log,-122,71,365,使用物品：生猪 类型：dp_foods_plus:raw_boar
2023-05-21 11:53:02,主世界,Milehan,-122,72,367,放置方块,minecraft:birch_log,-122,71,365,
2023-05-21 11:53:03,主世界,Milehan,-124,71,366,使用物品点击方块,minecraft:grass,-125,69,364,使用物品：生猪 类型：dp_foods_plus:raw_boar
2023-05-21 11:53:03,主世界,Milehan,-124,71,366,放置方块,minecraft:grass,-125,69,364,
2023-05-21 11:53:13,主世界,Milehan,-127,75,355,使用物品,Part Builder (Oak),,,,类型：strat:part_builder_oak
2023-05-21 11:53:16,主世界,Milehan,-127,75,355,使用物品点击方块,minecraft:grass,-129,71,356,使用物品：Part Builder (Oak) 类型：strat:part_builder_oak
2023-05-21 11:53:16,主世界,Milehan,-127,75,355,放置方块,minecraft:grass,-129,71,356,
2023-05-21 11:53:18,主世界,Milehan,-127,75,355,使用物品点击方块,strat:part_builder_oak,-129,72,356,使用物品： 类型：
2023-05-21 11:53:18,主世界,Milehan,-127,75,355,打开容器,strat:part_builder_oak,-129,72,356,
2023-05-21 11:53:23,主世界,Milehan,-128,74,356,破坏方块,strat:part_builder_oak,-129,72,356,
2023-05-21 11:53:23,主世界,Milehan,-128,74,356,捡起物品,Part Builder (Oak),-128,72,356,1个
2023-05-21 11:53:27,主世界,Milehan,-134,72,357,使用物品,Part Builder (Oak),,,,类型：strat:part_builder_oak
2023-05-21 11:53:28,主世界,Milehan,-134,72,357,破坏方块,minecraft:grass,-135,71,357,
2023-05-21 11:53:29,主世界,Milehan,-134,72,357,捡起物品,泥土,-135,71,358,1个
2023-05-21 11:53:29,主世界,Milehan,-134,72,357,破坏方块,minecraft:grass,-135,71,358,
2023-05-21 11:53:30,主世界,Milehan,-134,72,357,捡起物品,泥土,-135,72,357,1个
2023-05-21 11:53:32,主世界,Milehan,-135,73,359,使用物品,Part Builder (Oak),,,,类型：strat:part_builder_oak
2023-05-21 11:53:33,主世界,Milehan,-135,73,359,破坏方块,minecraft:grass,-135,72,359,
2023-05-21 11:53:34,主世界,Milehan,-135,73,359,捡起物品,泥土,-135,72,358,1个
2023-05-21 11:53:39,主世界,Milehan,-135,74,359,攻击,僵尸,-134,71,357,使用物品：木棍 类型：minecraft:stick
2023-05-21 11:53:40,主世界,Milehan,-135,74,359,攻击,僵尸,-134,72,357,使用物品：木棍 类型：minecraft:stick
2023-05-21 11:53:40,主世界,Milehan,-135,74,359,攻击,僵尸,-134,72,356,使用物品：木棍 类型：minecraft:stick
2023-05-21 11:53:40,主世界,Milehan,-135,74,359,攻击,僵尸,-134,71,356,使用物品：木棍 类型：minecraft:stick
2023-05-21 11:53:40,主世界,Milehan,-135,74,359,攻击,僵尸,-134,72,355,使用物品：木棍 类型：minecraft:stick
2023-05-21 11:53:42,主世界,Milehan,-135,73,358,使用物品点击方块,minecraft:grass,-135,70,355,使用物品：木棍 类型：minecraft:stick
2023-05-21 11:53:42,主世界,Milehan,-135,73,358,放置方块,minecraft:grass,-135,70,355,
2023-05-21 11:53:42,主世界,Milehan,-135,73,357,攻击,僵尸,-134,71,356,使用物品：木棍 类型：minecraft:stick
2023-05-21 11:53:42,主世界,Milehan,-135,73,357,攻击,僵尸,-134,72,355,使用物品：木棍 类型：minecraft:stick
2023-05-21 11:53:43,主世界,Milehan,-135,73,357,攻击,僵尸,-134,72,354,使用物品：木棍 类型：minecraft:stick
2023-05-21 11:53:43,主世界,Milehan,-135,73,357,使用物品点击方块,minecraft:grass,-135,70,353,使用物品：木棍 类型：minecraft:stick
2023-05-21 11:53:43,主世界,Milehan,-135,73,357,放置方块,minecraft:grass,-135,70,353,
2023-05-21 11:53:43,主世界,Milehan,-135,73,357,使用物品点击方块,minecraft:grass,-135,70,353,使用物品：木棍 类型：minecraft:stick
2023-05-21 11:53:43,主世界,Milehan,-135,73,357,放置方块,minecraft:grass,-135,70,353,
2023-05-21 11:53:43,主世界,Milehan,-135,73,357,攻击,僵尸,-134,71,355,使用物品：木棍 类型：minecraft:stick
2023-05-21 11:53:43,主世界,Milehan,-135,73,357,攻击,僵尸,-134,72,354,使用物品：木棍 类型：minecraft:stick
2023-05-21 11:53:44,主世界,Milehan,-135,73,357,攻击,僵尸,-134,72,353,使用物品：木棍 类型：minecraft:stick
2023-05-21 11:53:44,主世界,Milehan,-135,73,357,使用物品点击方块,minecraft:grass,-135,70,353,使用物品：木棍 类型：minecraft:stick
2023-05-21 11:53:44,主世界,Milehan,-135,73,357,放置方块,minecraft:grass,-135,70,353,
2023-05-21 11:53:46,主世界,Milehan,-135,73,356,攻击,僵尸,-135,71,355,使用物品：木棍 类型：minecraft:stick
2023-05-21 11:53:46,主世界,Milehan,-135,73,356,攻击,僵尸,-134,72,354,使用物品：木棍 类型：minecraft:stick
2023-05-21 11:53:46,主世界,Milehan,-135,73,356,攻击,僵尸,-134,72,353,使用物品：木棍 类型：minecraft:stick
2023-05-21 11:53:47,主世界,Milehan,-135,73,356,攻击,僵尸,-134,71,352,使用物品：木棍 类型：minecraft:stick
2023-05-21 11:53:47,主世界,Milehan,-135,73,356,攻击,僵尸,-134,71,351,使用物品：木棍 类型：minecraft:stick
2023-05-21 11:53:49,主世界,Milehan,-134,73,356,攻击,僵尸,-134,71,353,使用物品：木棍 类型：minecraft:stick
2023-05-21 11:53:49,主世界,Milehan,-134,73,356,攻击,僵尸,-135,72,352,使用物品：木棍 类型：minecraft:stick
2023-05-21 11:53:49,主世界,Milehan,-134,73,356,攻击,僵尸,-135,71,351,使用物品：木棍 类型：minecraft:stick
2023-05-21 11:53:50,主世界,Milehan,-134,73,356,使用物品,木棍,,,,类型：minecraft:stick
2023-05-21 11:53:51,主世界,Milehan,-134,73,354,攻击,僵尸,-135,71,353,使用物品：木棍 类型：minecraft:stick
2023-05-21 11:53:51,主世界,Milehan,-134,73,354,攻击,僵尸,-135,72,351,使用物品：木棍 类型：minecraft:stick
2023-05-21 11:53:54,主世界,Milehan,-132,72,352,使用物品点击方块,minecraft:grass,-135,69,351,使用物品：木棍 类型：minecraft:stick
2023-05-21 11:53:54,主世界,Milehan,-132,72,352,放置方块,minecraft:grass,-135,69,351,
2023-05-21 11:53:54,主世界,Milehan,-132,71,353,攻击,蜘蛛,-133,69,352,使用物品：木棍 类型：minecraft:stick
2023-05-21 11:53:55,主世界,Milehan,-132,71,353,使用物品点击方块,minecraft:dirt,-132,69,351,使用物品：木棍 类型：minecraft:stick
2023-05-21 11:53:55,主世界,Milehan,-132,71,353,放置方块,minecraft:dirt,-132,69,351,
2023-05-21 11:53:55,主世界,Milehan,-132,71,353,玩家死亡,,,,,
2023-05-21 11:53:56,主世界,Milehan,-132,71,353,重生,,,,,
2023-05-21 11:54:03,主世界,Milehan,-70,65,-60,使用物品点击方块,minecraft:snow_layer,-71,63,-59,使用物品：Part Builder (Oak) 类型：strat:part_builder_oak
2023-05-21 11:54:03,主世界,Milehan,-70,65,-60,放置方块,minecraft:snow_layer,-71,63,-59,
2023-05-21 11:54:04,主世界,Milehan,-70,65,-60,使用物品点击方块,strat:part_builder_oak,-71,63,-59,使用物品： 类型：
2023-05-21 11:54:04,主世界,Milehan,-70,65,-60,打开容器,strat:part_builder_oak,-71,63,-59,
2023-05-21 11:54:07,主世界,Milehan,-70,65,-60,使用物品点击方块,minecraft:snow_layer,-70,63,-59,使用物品：Tinker Station 类型：strat:tool_station
2023-05-21 11:54:07,主世界,Milehan,-70,65,-60,放置方块,minecraft:snow_layer,-70,63,-59,
2023-05-21 11:54:08,主世界,Milehan,-70,65,-60,使用物品点击方块,strat:tool_station,-70,63,-59,使用物品： 类型：
2023-05-21 11:54:08,主世界,Milehan,-70,65,-60,打开容器,strat:tool_station,-70,63,-59,
2023-05-21 11:54:19,主世界,Milehan,-69,65,-62,使用物品点击方块,minecraft:crafting_table,-69,63,-67,使用物品： 类型：
2023-05-21 11:54:19,主世界,Milehan,-69,65,-62,打开容器,minecraft:crafting_table,-69,63,-67,
2023-05-21 11:55:38,主世界,Milehan,-70,65,-61,使用物品点击方块,strat:part_builder_oak,-71,63,-59,使用物品： 类型：
2023-05-21 11:55:38,主世界,Milehan,-70,65,-61,打开容器,strat:part_builder_oak,-71,63,-59,
2023-05-21 11:55:51,主世界,Milehan,-70,65,-61,使用物品点击方块,strat:tool_station,-70,63,-59,使用物品：橡木板 类型：minecraft:planks
2023-05-21 11:55:51,主世界,Milehan,-70,65,-61,打开容器,strat:tool_station,-70,63,-59,
2023-05-21 11:56:44,主世界,Milehan,-70,65,-61,使用物品点击方块,strat:part_builder_oak,-71,63,-59,使用物品：橡木板 类型：minecraft:planks
2023-05-21 11:56:44,主世界,Milehan,-70,65,-61,打开容器,strat:part_builder_oak,-71,63,-59,
2023-05-21 11:57:01,主世界,Milehan,-70,65,-61,使用物品点击方块,strat:part_builder_oak,-71,63,-59,使用物品：橡木板 类型：minecraft:planks
2023-05-21 11:57:01,主世界,Milehan,-70,65,-61,打开容器,strat:part_builder_oak,-71,63,-59,
2023-05-21 11:57:12,主世界,Milehan,-70,65,-61,使用物品点击方块,minecraft:snow_layer,-73,63,-61,使用物品：Blank Pattern 类型：strat:blank_pattern
2023-05-21 11:57:12,主世界,Milehan,-70,65,-61,放置方块,minecraft:snow_layer,-73,63,-61,
2023-05-21 11:57:14,主世界,Milehan,-70,65,-61,使用物品点击方块,minecraft:crafting_table,-69,63,-67,使用物品：Blank Pattern 类型：strat:blank_pattern
2023-05-21 11:57:14,主世界,Milehan,-70,65,-61,打开容器,minecraft:crafting_table,-69,63,-67,
2023-05-21 11:57:28,主世界,Milehan,-70,65,-61,使用物品点击方块,strat:part_builder_oak,-71,63,-59,使用物品：Blank Pattern 类型：strat:blank_pattern
2023-05-21 11:57:28,主世界,Milehan,-70,65,-61,打开容器,strat:part_builder_oak,-71,63,-59,
2023-05-21 11:57:37,主世界,Milehan,-70,65,-60,使用物品点击方块,strat:tool_station,-70,63,-59,使用物品：Blank Pattern 类型：strat:blank_pattern
2023-05-21 11:57:37,主世界,Milehan,-70,65,-60,打开容器,strat:tool_station,-70,63,-59,
2023-05-21 11:58:52,主世界,Milehan,-66,65,-64,使用物品点击方块,minecraft:crafting_table,-69,63,-67,使用物品：Blank Pattern 类型：strat:blank_pattern
2023-05-21 11:58:52,主世界,Milehan,-66,65,-64,打开容器,minecraft:crafting_table,-69,63,-67,
2023-05-21 11:58:57,主世界,Milehan,-68,65,-62,使用物品点击方块,minecraft:crafting_table,-69,63,-67,使用物品：Blank Pattern 类型：strat:blank_pattern
2023-05-21 11:58:57,主世界,Milehan,-68,65,-62,打开容器,minecraft:crafting_table,-69,63,-67,
2023-05-21 11:59:10,主世界,Milehan,-68,65,-62,使用物品,木镐 +2 59,,,,类型：minecraft:wooden_pickaxe
2023-05-21 11:59:11,主世界,Milehan,-69,65,-59,使用物品,木镐 +2 59,,,,类型：minecraft:wooden_pickaxe
2023-05-21 11:59:11,主世界,Milehan,-69,66,-59,使用物品,木镐 +2 59,,,,类型：minecraft:wooden_pickaxe
2023-05-21 11:59:12,主世界,Milehan,-69,66,-59,使用物品,木镐 +2 59,,,,类型：minecraft:wooden_pickaxe
2023-05-21 11:59:12,主世界,Milehan,-69,66,-59,使用物品,木镐 +2 59,,,,类型：minecraft:wooden_pickaxe
2023-05-21 11:59:13,主世界,Milehan,-69,66,-59,破坏方块,strat:tool_station,-70,63,-59,
2023-05-21 11:59:14,主世界,Milehan,-69,65,-59,捡起物品,Tinker Station,-69,63,-58,1个
2023-05-21 11:59:15,主世界,Milehan,-69,65,-59,破坏方块,strat:part_builder_oak,-71,63,-59,
2023-05-21 11:59:16,主世界,Milehan,-70,65,-59,捡起物品,Part Builder (Oak),-71,63,-59,1个
2023-05-21 11:59:31,主世界,Milehan,-59,65,-97,使用物品点击方块,minecraft:ender_chest,-62,63,-100,使用物品：木镐 +2 59 类型：minecraft:wooden_pickaxe
2023-05-21 11:59:31,主世界,Milehan,-59,65,-97,打开容器,minecraft:ender_chest,-62,63,-100,
2023-05-21 11:59:31,主世界,Milehan,-59,65,-97,方块接受玩家互动,minecraft:ender_chest,-62,63,-100,
2023-05-21 11:59:33,主世界,Milehan,-59,65,-97,关闭容器,minecraft:ender_chest,-62,63,-100,
2023-05-21 11:59:40,主世界,Milehan,-69,66,-69,使用物品点击方块,minecraft:crafting_table,-69,63,-67,使用物品：木镐 +2 59 类型：minecraft:wooden_pickaxe
2023-05-21 11:59:40,主世界,Milehan,-69,66,-69,打开容器,minecraft:crafting_table,-69,63,-67,
2023-05-21 11:59:49,主世界,Milehan,-68,65,-70,使用物品,木锹 +1 59,,,,类型：minecraft:wooden_shovel
2023-05-21 11:59:49,主世界,Milehan,-68,65,-70,破坏方块,minecraft:snow_layer,-67,63,-72,
2023-05-21 11:59:50,主世界,Milehan,-67,65,-71,捡起物品,雪球,-67,63,-72,1个
2023-05-21 11:59:51,主世界,Milehan,-67,65,-74,使用物品点击方块,minecraft:grass,-67,62,-76,使用物品：木锹 +1 59 类型：minecraft:wooden_shovel
2023-05-21 11:59:56,主世界,Milehan,-67,65,-77,使用物品,雪球,,,,类型：minecraft:snowball
2023-05-21 12:00:00,主世界,Milehan,-67,65,-95,使用物品点击方块,minecraft:double_plant,-66,64,-99,使用物品： 类型：
